,Unnamed: 0,event,link,description,when,location,price,target_age,organization
0,0,Traffic Commission Meeting,https://www.villageofmamaroneckny.gov/home/events/139916,Traffic Commission Meeting,2025-09-29T19:00:00,"Village Hall at the Regatta, 123 Mamaroneck Ave., Mamaroneck, NY",,adults,Village of Mamaroneck
1,1,Board of Trustees Legislative Meeting,https://www.villageofmamaroneckny.gov/home/events/134066,Board of Trustees Legislative Meeting,2025-09-29T19:00:00,"Village Courtroom, 169 Mount Pleasant Avenue, Mamaroneck, NY, 10543",,adults,Village of Mamaroneck
2,2,Budget Committee Meeting,https://www.villageofmamaroneckny.gov/home/events/134586,Budget Committee Meeting,2025-09-30 7:00pm,"Village Hall at the Regatta, 123 Mamaroneck Ave., Mamaroneck, NY, 10543",,adults,Village of Mamaroneck
3,3,Zoning Board of Appeals Meeting,https://public.destinyhosted.com/agenda_publish.cfm?id=62627&mt=ALL&get_month=9&get_year=2025&dsp=ag&seq=117,Zoning Board of Appeals Meeting,2025-09-30T19:30:00,"Village Courtroom, 169 Mount Pleasant Avenue, Mamaroneck, NY, 10543",,adults,Village of Mamaroneck
4,4,Scarecrow Build,https://www.villageofmamaroneckny.gov/parks-recreation/pages/scarecrow-build,"The Village of Mamaroneck is excited to present the 6th Annual Scarecrow Build. Families and friends are invited to join this fun fall tradition by building their own scarecrow (all materials provided, just bring clothes) or decorating a pumpkin. Scarecrows will be showcased throughout the month of October along the popular Scarecrow Trail on Mamaroneck Avenue.",2025-10-04T10:00:00,Pavilion Field in Harbor Island Park,$45 for residents and $55 for non-residents,"kids, teens, adults",Village of Mamaroneck
5,5,Arts Council Meeting,https://www.villageofmamaroneckny.gov/home/events/134476,Arts Council Meeting,2025-10-06T19:00:00,"Village Conference Room at the Regatta, 123 Mamaroneck Avenue, Mamaroneck, NY, 10543",,adults,Village of Mamaroneck
6,6,Board of Architectural Review Meeting,https://www.villageofmamaroneckny.gov/home/events/134196,Board of Architectural Review Meeting,2025-10-07T19:30:00,"Village Courtroom, 169 Mount Pleasant Avenue, Mamaroneck, NY, 10543",,adults,Village of Mamaroneck
7,7,Harbor and Coastal Zone Management Commission Meeting,https://www.villageofmamaroneckny.gov/home/events/134266,Harbor and Coastal Zone Management Commission Meeting. Click here for the Agenda and materials. (link is not yet available),2025-10-08 19:30,"Village Courtroom, 169 Mount Pleasant Avenue, Mamaroneck, NY, 10543",,adults,Village of Mamaroneck
8,8,NEW: Tree Committee Meeting,https://www.villageofmamaroneckny.gov/home/events/135106,"The Wednesday, October 1st Tree Committee Meeting has been RESCHEDULED to Wednesday, October 8th.",2025-10-08T19:30:00,"Village Hall at the Regatta, 123 Mamaroneck Ave, Mamaroneck, NY, 10543",,adults,Village of Mamaroneck
9,9,Flood Mitigation Committee Meeting,https://www.villageofmamaroneckny.gov/home/events/139191,Flood Mitigation Committee Meeting,2025-10-09T19:00:00,"The Regatta Conference Room at 123 Mamaroneck Avenue, Mamaroneck, NY 10543",,adults,Village of Mamaroneck
10,10,NEW: Parks & Recreation Commission Meeting,https://www.villageofmamaroneckny.gov/home/events/135136,Parks & Recreation Commission Meeting,"Thursday, October 9, 2025 - 7:00pm","Village Courtroom, 169 Mount Pleasant Avenue, Mamaroneck, NY, 10543",,adults,Village of Mamaroneck
11,11,Columbus Day - All Non-Emergency Village Offices Are Closed,https://www.villageofmamaroneckny.gov/home/events/133491,"All Non-Emergency Village offices are closed on Monday, October 13 in honor of Columbus Day. There will be no garbage, food scrap, organic, rubbish, or recycling collection on Monday, October 13. The Recycling Center, including the Compost Drop-Off Program, at 313 Fayette Avenue and the Marine Education Center at Harbor Island Park are also closed.",2025-10-13,Village of Mamaroneck,,adults,Village of Mamaroneck
12,12,Board of Trustees Work Session,https://www.villageofmamaroneckny.gov/home/events/134071,Board of Trustees Work Session. Board of Trustee Meetings can be viewed on LMC Media or via LMC Media's YouTube Channel.,2025-10-14T17:30:00,"Village Courtroom, 169 Mount Pleasant Avenue, Mamaroneck, NY, 10543",,adults,Village of Mamaroneck
13,13,Ethics Board Meeting,https://www.villageofmamaroneckny.gov/home/events/134841,Ethics Board Meeting,2025-10-15T16:30:00,"Village Hall at the Regatta, 123 Mamaroneck Avenue, Mamaroneck, NY, 10543",,adults,Village of Mamaroneck
14,14,Beautification Committee Meeting,https://www.villageofmamaroneckny.gov/home/events/140126,Beautification Committee Meeting,2025-10-15T19:00:00,"Village Hall at the Regatta, 123 Mamaroneck Ave., Mamaroneck, NY",,adults,Village of Mamaroneck
15,15,Planning Board Meeting,https://www.villageofmamaroneckny.gov/planning-board,"Planning Board Meeting. The meeting will be held at the Village Courtroom, 169 Mount Pleasant Avenue, Mamaroneck, NY, 10543. Agenda and materials will be available by clicking the link. (Note: Link is not yet available).",2025-10-15T19:00:00,"Village Courtroom, 169 Mount Pleasant Avenue, Mamaroneck, NY, 10543",,adults,Village of Mamaroneck
16,16,Entering and Re-Entering The Workforce,https://docs.google.com/forms/d/e/1FAIpQLSeTZovUZfe53Pg3Yb5xpI5ockhxjJPrPp54DnokjCTRXyVbfQ/viewform,Entering and Re-Entering The Workforce,"Thursday, October 16, 2025 - 9:00am to 12:00pm","The Little Theater in the Westchester County Center, 198 Central Avenue, White Plains, NY 10606",,adults,Village of Mamaroneck
17,17,Board of Architectural Review Meeting,https://www.villageofmamaroneckny.gov/home/events/134201,"Board of Architectural Review Meeting. The meeting will be held at 7:30 PM in the Village Courtroom, located at 169 Mount Pleasant Avenue, Mamaroneck, NY, 10543.",2025-10-16T19:30:00,"Village Courtroom, 169 Mount Pleasant Avenue, Mamaroneck, NY, 10543",,adults,Village of Mamaroneck
18,18,Blood Drive 2025,https://www.villageofmamaroneckny.gov/home/events/139691,"The need is constant. The gratification is instant. Give Blood. The Village of Mamaroneck will host an American Red Cross Blood Drive on Friday, October 17, 2025, from 9:00 a.m. to 3:00 p.m. in the Harbor Island Park Red Room.","Friday, October 17, 2025 - 10:00am to 3:00pm",Harbor Island Park Red Room,,adults,Village of Mamaroneck
19,19,Halloween Spooktacular,https://www.villageofmamaroneckny.gov/parks-recreation/pages/halloween-spooktacular,"Join the Village of Mamaroneck Parks & Recreation and the Mamaroneck Chamber of Commerce for the annual Spooktacular. The event includes a Halloween Parade, trick-or-treating, crafts, games, face painting, pumpkin decorating, music by a DJ, and a haunted house. Costumes are encouraged.",2025-10-19T11:00:00,"Harbor Island Park, Mamaroneck, NY",,"kids, teens, adults",Village of Mamaroneck
0,0,In the Warner Gallery: Improvisations: The Art of Robert Mucci,https://www.mamaronecklibrary.org/events/in-the-warner-gallery-improvisations-the-art-of-robert-mucci/,In the Warner Gallery: Improvisations: The Art of Robert Mucci,2025-08-28 - 2025-10-31,Mamaroneck Public Library,,adults,Mamaroneck Public Library
1,1,T-Shirt Design Contest!,https://www.mamaronecklibrary.org/events/t-shirt-design-contest/,T-Shirt Design Contest!,2025-09-24 - 2025-11-01,Mamaroneck Public Library,,teens,Mamaroneck Public Library
2,2,CLOSED SUNDAYS,https://www.mamaronecklibrary.org/events/closed-sundays/2025-10-12/,Event Series CLOSED SUNDAYS,2025-10-12,Mamaroneck Public Library,,adults,Mamaroneck Public Library
3,3,CLOSED for Columbus Day,https://www.mamaronecklibrary.org/events/closed-for-columbus-day/2025-10-13/,Event Series CLOSED for Columbus Day,2025-10-13,Mamaroneck Public Library,,adults,Mamaroneck Public Library
4,4,Babytime with Beverley,https://www.mamaronecklibrary.org/events/babytime-with-beverley-3/2025-10-14/,Event Series Babytime with Beverley,2025-10-14T11:00:00,Mamaroneck Public Library,,kids,Mamaroneck Public Library
5,5,Women & Money Roundtable,https://www.mamaronecklibrary.org/events/women-money-roundtable-2/2025-10-14/,"Event Series Women & Money Roundtable. To Register, please click here.",2025-10-14T11:00:00,Mamaroneck Public Library,,adults,Mamaroneck Public Library
6,6,Book Club 2025: Here There & Everywhere,https://www.mamaronecklibrary.org/events/book-club-2025-here-there-everywhere-10/,"Book Club 2025: Here There & Everywhere. To register for in person, please click here. To [...]",2025-10-14T14:00:00,Mamaroneck Public Library,,adults,Mamaroneck Public Library
7,7,Quiet Study Room Time,https://www.mamaronecklibrary.org/events/quiet-study-room-time-2-2/2025-10-14/,Event Series Quiet Study Room Time,2025-10-14T15:45:00,Mamaroneck Public Library,,"teens, adults",Mamaroneck Public Library
8,8,Lego Time,https://www.mamaronecklibrary.org/events/lego-time/2025-10-14/,Event Series Lego Time,2025-10-14T15:45:00,Mamaroneck Public Library,,kids,Mamaroneck Public Library
9,9,Going to Extremes: A Travel Journalist’s Tour of the Globe’s Most Adventurous Outposts (via Zoom),https://www.mamaronecklibrary.org/events/going-to-extremes-a-travel-journalists-tour-of-the-globes-most-adventurous-outposts/,"Going to Extremes: A Travel Journalist’s Tour of the Globe’s Most Adventurous Outposts (via Zoom). To Register, please click here.",2025-10-14T19:00:00,Mamaroneck Public Library,,adults,Mamaroneck Public Library
10,10,Ayurveda for the Excretory System (via Zoom),https://www.mamaronecklibrary.org/events/ayurveda-for-the-excretory-system-via-zoom/,"Ayurveda for the Excretory System (via Zoom). To Register, please click here.",2025-10-14T19:00:00,Mamaroneck Public Library,,adults,Mamaroneck Public Library
11,11,Fiber Arts Club + Puzzle Swap,https://www.mamaronecklibrary.org/events/fiber-arts-club-puzzle-swap-14/,Fiber Arts Club + Puzzle Swap,2025-10-15T10:00:00,Mamaroneck Public Library,,adults,Mamaroneck Public Library
0,0,Ailey II,https://emelin.org/event/ailey-ii/,"“Off-the-charts energy.” *-The New Yorker***

For over 50 years, *Ailey II* – The Next Generation of Dance – has merged the spirit and energy of the country’s finest early-career dance talent with the passion and creative vision of today’s most outstanding and emerging choreographers. Founded by Alvin Ailey in 1974, this universally renowned company embodies his pioneering mission to establish an extended cultural community that provides dance performances, training, and community programs for all people. Under the leadership of Sylvia Waters, who served as artistic director for 38 seasons, Ailey II flourished into one of the most popular modern dance companies, combining a rigorous touring schedule with extensive community outreach programs. Today, with Artistic Director Francesca Harper at the helm, she brings fresh perspectives to Mr. Ailey’s legacy, while nurturing new creative voices and propelling the company forward.","Sunday, October 12, 2025 @ 7pm","Emelin Theatre, 153 Library Lane, Mamaroneck, NY 10543 United States",$86 – $98,"adults, teens",Emelin Theater
1,1,Naturally 7,https://emelintheatre.my.salesforce-sites.com/ticket/#/instances/a0Fam000006rnqLEAQ,"Experience the mind-blowing sounds of Naturally 7, the groundbreaking vocal play group redefining a cappella. Using only their voices, these seven masterful musicians create the sound of an entire band—drums, bass, horns, guitars, and more. Praised worldwide for their jaw-dropping live performances, Naturally 7 blends R&B, pop, gospel, and soul with unmatched technical brilliance and stage presence.","Friday, October 17, 2025 @ 8pm","Emelin Theatre, 153 Library Lane, Mamaroneck, NY 10543, United States",$55 – $67,"kids, teens, adults",Emelin Theater
2,2,Fearless - The Taylor Swift Experience,https://emelin.org/event/fearless-the-taylor-swift-experience/,"Calling all Swifties! Relive the magic of every Taylor era with Fearless – The Taylor Swift Experience, the ultimate live tribute for fans who know every lyric, every outfit, and every beat drop. From the fairy-tale shimmer of Love Story to the bold confidence of Blank Space and the sparkly chaos of Cruel Summer, this high-energy concert recreates the full Taylor experience — with jaw-dropping vocals, dazzling costumes, and Eras-worthy production. Whether you’re a diehard from the Debut days or fell in love during Folklore, this is your chance to sing, dance, and scream every word with a room full of fans who get it. Fearless isn’t just a show — it’s a Swiftie celebration.",2025-10-19T14:00:00,"Emelin Theatre, 153 Library Lane, Mamaroneck, NY, 10543, United States",$41 – $53,"teens, adults",Emelin Theater
3,3,Fall Film Club 2025 #3,https://emelin.org/event/fall-film-club-2025-3/,"Be among the first to see highly critically acclaimed curated films that are n... Five critically acclaimed curated films, curated by film programmer David Schwartz. Includes exclusive post-film interviews, reserved seating, and an exclusive e-newsletter. Beer, wine, and snacks are available for purchase at the lobby bar. Complimentary Film Club Members Only Reception. Film titles are kept secret until showtime.",2025-10-22,Emelin Theatre For The Performing Arts,$125,adults,Emelin Theater
4,4,Don't Let the Pigeon Drive the Bus! The Musical!,https://emelin.org/event/dont-let-the-pigeon-drive-the-bus-the-musical-2/,"“Pigeon” picture books by Mo Willems come to life on stage! The musical features a script by Mo Willems, music by Deborah Wicks La Puma, and is presented by TheaterWorksUSA. It's based on the #1 New York Times best-selling picture books. The show is approximately 60 minutes long and is recommended for ages 4-7. It was commissioned by the John F. Kennedy Center for the Performing Arts.",2025-10-26,"Emelin Theatre, 153 Library Lane, Mamaroneck, NY 10543 United States",$27 youth / $32 adults,4-7,Emelin Theater
5,5,Crystal Ship: The Doors Experience,https://emelin.org/event/crystal-ship/,"Step into the spirit of the Sunset Strip and experience The Doors like never before. Crystal Ship channels the raw energy of Jim Morrison with precision, passion, and power—delivering a concert that feels like stepping into 1969. Led by Eddie Racci, one of the world’s top Morrison interpreters, Crystal Ship recreates the sights, sounds, and intensity of a live Doors performance. Expect unforgettable renditions of Light My Fire, Riders on the Storm, Love Me Two Times, L.A. Woman, and more—performed with vintage gear and authentic stage presence. From sold-out shows across the East Coast to historic tours in the UK and Germany, Crystal Ship brings a night of psychedelic music that will light your fire.","Saturday, November 1, 2025 @ 8pm","Emelin Theatre, 153 Library Lane, Mamaroneck, NY 10543, United States",$44 – $55,"adults, teens",Emelin Theater
6,6,Fall Film Club 2025 #4,https://emelin.org/event/fall-film-club-2025-4/,"Be among the first to see highly critically acclaimed curated films that are n... This subscription series includes five critically acclaimed curated films, curated by film programmer David Schwartz. Members will receive exclusive post-film interviews, reserved seating, a Film Club Members Only e-Newsletter, and access to the Lobby Bar for beer, wine, and snacks. A complimentary Film Club Members Only Reception is also included. Film titles are kept secret until showtime.",2025-11-05,Emelin Theatre For The Performing Arts,$125,adults,Emelin Theater
7,7,Devonte Magic,https://emelin.org/event/devonte-magic/,"Mind Games, Magic, and Mental Feats You Won’t Believe. Experience the electrifying world of Devonte Rosero, the internationally acclaimed mentalist and magician who has captivated audiences across the globe. With over 10,000 performances in 25 cities spanning 4 continents, Devonte brings a dynamic blend of magic, mentalism, and showmanship to the stage. Devonte’s talent propelled him to win first place at the world-famous Showtime at the Apollo at just 16. Since then, he has performed for high-profile clients including Martin Scorsese, Robert De Niro, and Mark Cuban. Devonte’s performances are not just about tricks—they’re about creating unforgettable experiences. Whether he’s reading minds on Instagram Live for his 200,000 followers or performing live on stage, Devonte’s passion for magic and mentalism shines through every act. Join us for an evening of wonder and astonishment as Devonte Magic takes you on a journey through the impossible.",2025-11-08T20:00:00,"Emelin Theatre, 153 Library Lane, Mamaroneck, NY, 10543, United States",$53 – $89,all ages,Emelin Theater
8,8,A Choreography Showcase,https://emelin.org/event/a-choreography-showcase/,"A Choreography Showcase brings together notable professional choreographers and artists along with pre-professional dancers from across the region in this unique performance designed to highlight new, innovative work in a culturally driven community. The Showcase is held at The Emelin Theatre a renowned, Westchester-based theater, in the vibrant city of Mamaroneck, NY. As part of our audience development programs we hold a Q&A after the show with all the dancers and choreographers. This is a great opportunity for both the audience and the choreographer to gain feedback and insight into the choreographic process and audience perception of the work.","Sunday, November 9, 2025 @ 4:00pm","Emelin Theatre, 153 Library Lane Mamaroneck, NY 10543 United States",$23 – $30,"adults, teens, children",Emelin Theater
9,9,An Evening with Jim Messina,https://emelin.org/event/an-evening-with-jim-messina/,"Performs his hits from Buffalo Springfield, Poco, and Loggins & Messina. With a career spanning six decades, Jim Messina has left an indelible mark on the sound of American music. As a founding member of Buffalo Springfield, Poco, and Loggins & Messina, his genre-defining contributions to rock, country rock, and folk continue to influence artists across generations. From producing and performing alongside Kenny Loggins to crafting enduring classics like “Your Mama Don’t Dance,” “Peace of Mind,” and “Angry Eyes,” Messina’s work has earned platinum records, sold-out tours, and a devoted following. His solo performances are a journey through the golden age of California rock—filled with rich harmonies, masterful guitar work, and heartfelt storytelling. Whether you know him from his chart-topping collaborations or his trailblazing work with some of music’s biggest names, Jim Messina’s live performance is a masterclass in songwriting, musicianship, and legacy.","Saturday, November 15, 2025 @ 8pm","Emelin Theatre, 153 Library Lane, Mamaroneck, NY 10543 United States",$71 – $94,adults,Emelin Theater
10,10,Fall Film Club 2025 #5,https://emelin.org/event/fall-film-club-2025-5/,"Be among the first to see highly critically acclaimed curated films that are n... Five critically acclaimed curated films, curated by film programmer David Schwartz, exclusive post film interviews, reserved seating, Film Club Members Only e-Newsletter, Beer, Wine & Snacks available for purchase at our Lobby Bar, Complimentary Film Club Members Only Reception. Film titles are kept secret until showtime.",2025-11-19,Emelin Theatre For The Performing Arts,$125 per seat (including all fees),adults,Emelin Theater
11,11,Kat Edmonson,https://emelin.org/event/kat-edmonson/,"Jazz-pop vocalist Kat Edmonson performs live with acoustic guitar and cello in an intimate performance. Described by The New York Times as “A savvy student of ’60s film soundtracks, jazz-pop stylings, and Brill Building songcraft.”","Friday, November 21, 2025 @ 8pm","Emelin Theatre, 153 Library Lane, Mamaroneck, NY, 10543, United States",$50 – $68,adults,Emelin Theater
12,12,Brad Upton,https://emelin.org/event/brad-upton/,"Clean, smart comedy from a viral sensation with timeless appeal. “Side‑splittingly funny and endlessly likable—with humor from everyday life.” –The Seattle Times. Whether you’re a longtime fan or discovering him for the first time, Brad Upton delivers a night of comedy that’s refreshingly honest, delightfully familiar, and absolutely hilarious. Brad has shared the stage with the likes of Joan Rivers, Dolly Parton, and Johnny Mathis, and has performed in all 50 states and around the world. His viral Dry Bar Comedy specials have introduced millions of new fans to his smart, side-splitting storytelling and no-nonsense wit. Known for his clean, relatable humor and razor-sharp timing, Brad effortlessly mines laughs from everyday life, marriage, parenting, aging, and everything in between.","Saturday, November 22, 2025 @ 8pm","Emelin Theatre, 153 Library Lane, Mamaroneck, NY, 10543, United States",$41 – $53,"adults, teens",Emelin Theater
0,0,DROP-OFF WORKSHOP | wet clay ghosts,https://app.getoccasion.com/p/n/hpXRNMnh,"kids will sculpt, customize, and glaze ceramic ghost friends with an instructor. available for pick-up in 2 weeks.",2025-10-01T16:30:00,"118 W. Boston Post Road, Mamaroneck, NY 10543",$59.18,"grades 3+, kids",MADE: My Art and Design
1,1,2025 after school workshops \ CREATE WITH CLAY fall session \ grades 4 - 8,https://app.getoccasion.com/p/n/PMhlhBdn,"FALL SESSION - 9 weeks Wednesdays: Sept 17 - Nov 19. No class on Oct 22. Kids will sculpt, squish, and shape their own creations out of real clay. Perfect for beginners—no experience needed! Each student will get a chance to use the pottery wheel. 50% deposit due at registration. The balance will be collected one week before class starts. Registration booking fee has already been deducted from the price of the class.",2025-10-01T16:30:00,"MADE: my art + design experience, 118 W. Boston Post Road, Mamaroneck, NY 10543",$614.76,grades 4-8,MADE: My Art and Design
2,2,DROP-OFF WORKSHOP | friendship bracelet mosaic,https://app.getoccasion.com/p/n/JBwdFzft,"this workshop is for anyone who loves: TAYLOR SWIFT, sleep away camp, k-pop demon hunters, halloween, or literally ANYTHING! drop your kids off to create this fully customizable friendship bracelet mixed media mosaic with an instructor!",2025-10-02T11:00:00,"118 W. Boston Post Road, Mamaroneck, NY 10543",$67.67,grades 1 + up,MADE: My Art and Design
3,3,SWIFTIES NIGHT @ MADE \ life of a showgirl album release paint party,https://app.getoccasion.com/p/n/Q68GzKd2,"Calling all Taylor fans! Come party with us at MADE in celebration of the release of THE LIFE OF A SHOWGIRL! We'll have Taylor Swift-themed silkscreens, a photo booth, friendship bracelet making, light snacks, and we'll listen to Taylor's new album, plus her other catalog of music all night! Pottery must be purchased separately. This event is BYO beverages for adults 21 and up. Light snacks will be provided.",2025-10-03T18:45:00,"118 W. Boston Post Road, Mamaroneck, NY 10543",$14.72,all ages,MADE: My Art and Design
4,4,2025 after school workshops \ CREATE WITH CLAY fall session \ grades 4 - 8,https://app.getoccasion.com/p/n/PMhlhBdn,"FALL SESSION - 9 weeks
wednesdays: sept 17 - nov 19  
* there is no class on oct 22  

get your hands messy and your imagination moving! in this fun, hands-on class, kids will sculpt, squish, and shape their own creations out of real clay. perfect for beginners—no experience needed! each student will get a chance to use the pottery wheel during our fall session.   

*50% deposit due at registration. **the balance will be collected one week before class starts.**   
please note: registration booking fee has already been deducted from the price of the class.",2025-10-01T16:30:00,"118 W. Boston Post Road, Mamaroneck, NY 10543",$614.76,grades 4-8,MADE: My Art and Design
5,5,2025 after school workshops | MIXED MEDIA fall session 1 | grades 2 - 6,https://app.getoccasion.com/p/n/PxWmhNmC,"* this class is strictly for ages 7 - 11

**FALL SESSION 1 - 6 weeks**

the perfect way to unwind and get creative after school! our after school art workshops explore all mediums including painting, pottery, drawing, mixed media, wet clay, mosaics & more.

* 50% deposit due at registration. the balance will be collected one week before class starts.
please note: registration booking fee has already been deducted from the price of the class.",2025-10-09T15:30:00,"118 W. Boston Post Road, Mamaroneck, NY 10543",$297.21,7-11,MADE: My Art and Design
6,6,Paint + Pints at Marlowe Artisanal Ales,https://app.getoccasion.com/p/n/xR5TDKpF,"Come hang with MADE at Marlowe Artisinal Ales for a fun night of painting halloween pottery. Beer steins, pumpkins, skulls, + more. Grab a pint, order dinner, pick your piece, and paint at your own pace. This event is ALL AGES. Come early and paint with the kids, or join in later for a more grown-up vibe. Marlowe's kitchen is open until 9p!",2025-10-09T17:00:00,Marlowe Artisanal Ales,"$5.00 event registration fee, plus pottery costs",all ages,MADE: My Art and Design
7,7,KID'S NIGHT OUT DROP-OFF | k-pop demon hunters,https://app.getoccasion.com/p/n/pw6m8rkL,"Drop off the kids and head out to dinner! We'll serve pizza and drinks, watch k-pop demon hunters, and customize ceramic plates using special silkscreens!",2025-10-12T18:00:00,"118 W. Boston Post Road, Mamaroneck, NY 10543",$59.75,grades 2 +,MADE: My Art and Design
8,8,DROP-OFF WORKSHOP | vampire LABUBU canvas,https://app.getoccasion.com/p/n/xzrDlkbG,LABUBU has arrived at MADE! kids will follow along with an instructor as they paint a vampire Labubu on canvas.,2025-10-13T11:00:00,"118 W. Boston Post Road, Mamaroneck, NY 10543",$59.75,grades 1 + up,MADE: My Art and Design
9,9,2025 after school workshops \ CREATE WITH CLAY fall session \ grades 4 - 8,https://app.getoccasion.com/p/n/PMhlhBdn,"FALL SESSION - 9 weeks Wednesdays: Sept 17 - Nov 19. There is no class on Oct 22. Kids will sculpt, squish, and shape their own creations out of real clay. Beginners welcome! Each student will get a chance to use the pottery wheel. 50% deposit due at registration, balance collected one week before class starts. Registration booking fee has already been deducted from the price of the class. Drop-off only. Projects are subject to change. Projects held for up to 6 weeks.",2025-10-15T16:30:00,"118 W. Boston Post Road, Mamaroneck, NY 10543",$614.76,grades 4-8,MADE: My Art and Design
10,10,2025 after school workshops \ MIXED MEDIA fall session 1 \ grades 2 - 6,https://app.getoccasion.com/p/n/PxWmhNmC,"* this class is strictly for ages 7 - 11

**FALL SESSION 1 - 6 weeks**
Thursdays: Sept 11 - Oct 23
* there is no class on Oct 2

the perfect way to unwind and get creative after school! our after school art workshops explore all mediums including painting, pottery, drawing, mixed media, wet clay, mosaics & more!",2025-10-16T15:30:00,"118 W. Boston Post Road, Mamaroneck, NY 10543",$297.21,kids,MADE: My Art and Design
11,11,2025 after school workshops \ MIXED MEDIA fall session 1 \ grades 2 - 6,https://app.getoccasion.com/p/n/PxWmhNmC,"* this class is strictly for ages 7 - 11  

**FALL SESSION 1 - 6 weeks**
thursdays: sept 11 - oct 23  
* there is no class on oct 2  

the perfect way to unwind and get creative after school! our after school art workshops explore all mediums including painting, pottery, drawing, mixed media, wet clay, mosaics & more!",2025-10-23T15:30:00,"118 W. Boston Post Road, Mamaroneck, NY 10543",$265.00,7-11,MADE: My Art and Design
12,12,DROP-OFF WORKSHOP | witches cauldron canvas,https://app.getoccasion.com/p/n/W7Qrd27c,"LABUBU has arrived at MADE! kids will follow along with an instructor as they paint, customize, and tile their very own 12"" labubu mosaic.",2025-10-29T15:30:00,"MADE: my art + design experience, 118 W. Boston Post Road, Mamaroneck, NY 10543",$45.00,grades 2 + up,MADE: My Art and Design
13,13,2025 after school workshops \ CREATE WITH CLAY fall session \ grades 4 - 8,https://app.getoccasion.com/p/n/PMhlhBdn,"FALL SESSION - 9 weeks
Wednesdays: Sept 17 - Nov 19. There is no class on Oct 22. In this fun, hands-on class, kids will sculpt, squish, and shape their own creations out of real clay. Perfect for beginners—no experience needed! Each student will get a chance to use the pottery wheel during our fall session.
50% deposit due at registration. The balance will be collected one week before class starts. Please note: registration booking fee has already been deducted from the price of the class.",2025-10-29T16:30:00,"118 W. Boston Post Road, Mamaroneck, NY 10543",$614.76,grades 4-8,MADE: My Art and Design
14,14,2025 after school workshops \ MIXED MEDIA fall session 2 \ grades 2 - 6,https://app.getoccasion.com/p/n/V5dg9XFV,"The perfect way to unwind and get creative after school! Our after school art workshops explore all mediums including painting, pottery, drawing, mixed media, wet clay, mosaics & more. This class is strictly for ages 7-11.",2025-10-30T15:30:00,"MADE: my art + design experience, 118 W. Boston Post Road, Mamaroneck, NY 10543",$349.00,7-11,MADE: My Art and Design
0,0,TRIVIA!,https://www.marloweales.com/hghg,Free to play! Win prizes! Hosted By Best Trivia Ever!,2025-10-08T19:00:00,"139 Hoyt Ave, Suite A Mamaroneck, NY 10543",Free,adults,Marlowe Artisanal Ales
1,1,BURGER NIGHT!,https://www.marloweales.com/hghg,Get a single smash burger and a mug pour (any beer with a mug price) for $20!,2025-10-09T18:00:00,"139 Hoyt Ave, Suite A Mamaroneck, NY 10543",$20,adults,Marlowe Artisanal Ales
2,2,VINYL NIGHT,https://www.marloweales.com/hghg,Bring your favorite vinyl and be in the running to win a prize!,2025-03-20T19:00:00,"139 Hoyt Ave, Suite A Mamaroneck, NY 10543",,adults,Marlowe Artisanal Ales
0,0,Forest Friends – Fall Mondays,https://sheldrakecenter.org/event/forest-friends-fall-mondays-2/,"Fall fun awaits at Sheldrake’s popular program for preschool-aged children. Get the kids outside for STEM fun and adventures on our 60 acres of protected land. Through a combination of trail exploration, games, stories, and other activities, we’ll enjoy loads of nature fun while observing the impact of the changing season on wildlife and habitats. Our naturalist-led program provides the opportunity for enrichment, connection with nature, and the company of other young enthusiasts. Our Forest Friends: get hands-on experience with science and nature on a 60-acre nature conservancy, learn about the animals and plant life that call Sheldrake home, savor the splendor of fall while observing how the natural world transitions to winter, foster appreciation for the natural world and establish the foundation for a life-long love of nature.","Mondays, September 22-December 8, 2025, 3:45-4:45 pm","685 Weaver Street, Larchmont, NY 10538","$265 (members), $297 (nonmembers)",3-5 years old,Sheldrake Environmental Center
1,1,Nature Detectives – Fall Mondays,https://sheldrakecenter.org/event/nature-detectives-fall-mondays-3/,"Fall fun awaits at Sheldrake’s popular after-school program for school-aged children. Get the kids outside for STEM fun and adventures on our 60 acres of protected land. Through a combination of trail exploration, games, stories, and other activities, we’ll enjoy loads of nature fun while observing the impact of the changing season on wildlife and habitats. Our naturalist-led program provides the opportunity for enrichment, connection with nature, and the company of other young enthusiasts. Our Nature Detectives: get hands-on experience with science and nature on a 60-acre nature conservancy, learn about the animals and plant life that call Sheldrake home, savor the splendor of fall while observing how the natural world transitions to winter, foster appreciation for the natural world and establish the foundation for a life-long love of nature.","Mondays – September 22-December 8 (11 weeks; class does not meet on Columbus Day) (12/15 is reserved for a makeup, in case one is needed)","685 Weaver Street Larchmont, NY 10538","$265 for members, $297 for nonmembers",Grades K-2,Sheldrake Environmental Center
2,2,Little Sprouts – Fall Fun,https://sheldrakecenter.org/event/nature-discovery-for-2s-fall-fun-2/,"Get outside with other families and a naturalist at Sheldrake, as you discover nature with your little one. This class is designed to expose children to the joys of nature at a young age, towards the goal of cultivating a life-long love of the natural world. Adventures for wee ones might include looking for frogs, listening to birdsong, studying animal tracks, storytime, games, or crafts. There’s no shortage of educational fun on Sheldrake’s 60 acres! A waiver for both children and their adult chaperones must be completed. Chaperones other than the child’s parents should print the Sheldrake waiver, sign this, and bring the signed waiver to the program for collection. This program will primarily be conducted outdoors in nature. Portions of the time may be spent indoors. Advance registration required.","Thursdays, September 25 - November 20, 2025, 10:00 AM - 11:00 AM (8 weeks; class doesn’t meet on 10/2)","685 Weaver St, Larchmont, NY 10538",Free,2 years old with adult caregiver,Sheldrake Environmental Center
3,3,Mindfulness in Nature – Free Trial,https://sheldrakecenter.org/event/mindfulness-in-nature-free-trial/,"Get a sneak peek at our beloved nature program for adults–Mindfulness in Nature. We’re offering a free trial class prior to the start of our fall series. Join us to experience first-hand the healthful and restorative benefits that this program has provided to so many others. The combination of time spent outdoors within the woods, the introspective practices employed, the commitment to “me time,” and the social connections that form are all cherished–and yours to experience. Our walks conclude with tea under the trees. Wool blankets and foam seat cushions provide added coziness and warmth.
This program requires advance registration. To join the weekly fall series, be sure to register separately.
Cindy Olsen is a Sheldrake Environmental Educator, a certified mindful outdoor guide through Kripalu and the ANFT, and founder of Cindy By Nature, LLC. She is passionate about sharing the powerful physical and mental benefits of nature and mindfulness with others.",2025-10-01T10:00:00,"685 Weaver St, Larchmont, NY 10538",Free,adults,Sheldrake Environmental Center
4,4,Home Sweet Habitats,https://sheldrakeenvironmentalcenter.app.neoncrm.com/eventReg.jsp?event=1068&,"Animals are amazing architects. Join us at Sheldrake for our newest program, tailored to kids in grades 3-5. Each week, we’ll focus on a different type of critter home–both real and imaginary–and enjoy activities related to the theme. Whether we’re building teepees out of sticks, creating bird nests (with our beaks??), designing a rock-garden village, fashioning homey bug motels, or decorating shelter for forest fairies and gnomes, we’ll both learn and create with inspiration from our forest friends.","October 7 - October 28, 3:45-4:45 pm","685 Weaver St, Larchmont, NY 10538","$95 for members, $110 for nonmembers",grades 3-5,Sheldrake Environmental Center
5,5,Forest Friends – Fall Wednesdays,https://sheldrakecenter.org/event/forest-friends-fall-wednesdays-3/,"Fall fun awaits at Sheldrake’s popular program for preschool-aged children. Get the kids outside for STEM fun and adventures on our 60 acres of protected land. Through a combination of trail exploration, games, stories, and other activities, we’ll enjoy loads of nature fun while observing the impact of the changing season on wildlife and habitats. Our naturalist-led program provides the opportunity for enrichment, connection with nature, and the company of other young enthusiasts. Our Forest Friends: get hands-on experience with science and nature on a 60-acre nature conservancy, learn about the animals and plant life that call Sheldrake home, savor the splendor of fall while observing how the natural world transitions to winter, foster appreciation for the natural world and establish the foundation for a life-long love of nature.","Wednesdays, October 8 - December 17, 2025 (10 weeks; class doesn’t meet on 11/26), 3:45-4:45 pm","685 Weaver St, Larchmont, NY 10538","$240 for members, $270 for nonmembers (save 15% off these rates when you register by 8/31/25; use code EARLYBIRDFALL2025)",3-5 years old,Sheldrake Environmental Center
6,6,Nature Meditations,https://sheldrakecenter.org/event/nature-meditations/,"As the seasons change from summer to fall, take this opportunity to practice tuning-in to the little things and capturing the joy in front of you. This 60-minute class encompasses a variety of mindfulness techniques – including walking meditation, the Zen practice of Enso, and reflective journaling – providing multiple opportunities for people of different interests and backgrounds to stop, look around, and savor the moment. Participants will leave this session feeling refreshed and reconnected to both themselves and the natural world.",2025-10-10T10:00:00,"685 Weaver St, Larchmont, NY 10538",$30 – $35,adults,Sheldrake Environmental Center
7,7,Creepy Crawlies in the Woods: Pre-Halloween Family Fun,https://sheldrakecenter.org/event/creepy-crawlies-in-the-woods-pre-halloween-family-fun/,"With Halloween on the way, it’s time to get creepy! Sheldrake’s woods are the perfect setting for some not-too-spooky nature fun. Join us as we look for signs of creepy crawlies along our trails–from insects to bat houses and more. Fun Saturday-morning outdoor time during Columbus Day weekend! Part of the Sheldrake Second Saturday Series of free family programs, made possible by a generous grant from Con Edison. There will be no advance registration for this program. Please leave your pets at home. Parking is available at the trailhead or near the potting shed via the 687 Weaver driveway.","Saturday, October 11, 10:00 am - 11:00 am","685 Weaver St, Larchmont, NY 10538",Free,"All ages, Children must be accompanied by an actively participating adult",Sheldrake Environmental Center
8,8,Family Ponding Time,https://sheldrakecenter.org/event/family-ponding-time/,"Discover the amazing adaptations that enable pond plants and animals to survive in their habitat. Using handheld magnifiers, nets, and our pond-life visual aids, we’ll explore life in our own Goodliffe Pond. Families will rotate among multiple stations, learning about life cycles, food chains and webs, and the ways that various pond creatures move, eat, and breathe. Refreshments will be offered. Quality family ponding time! This is not a drop-off program; children must be accompanied by an actively participating adult. The event takes place outdoors (with the possibility of indoors).",2025-10-13T10:00:00-12:00:00,"685 Weaver Street Larchmont, NY 10538",$15 – $20 per family (up to 5 people),"4-year-old, adult",Sheldrake Environmental Center
9,9,Mindfulness in Nature – All in for Fall,https://sheldrakecenter.org/event/mindfulness-in-nature-all-in-for-fall-2/,"Fall queues us to become busy again. This Autumn, learn how to flow through life with more connection and ease. Join our community and explore nature in a new way, with the dazzling colors of autumn as our backdrop. Discover the restorative powers of nature, the magic of the forest, and the reasons why this program is so cherished by others.
Each week, we’ll connect with the natural world around us. Guided gentle movement and meditation will be offered. Each session will end with a calming tea. You will be provided with a backpack with a seat cushion and blanket to make yourself comfortable during our seated moments under the forest canopy.
Cindy Olsen is a Sheldrake Environmental Educator, a certified mindful outdoor guide through Kripalu and the ANFT, and founder of Cindy By Nature, LLC. She is passionate about sharing the powerful physical and mental benefits of nature and mindfulness with others.","Wednesdays – October 15-November 19, 2025, 10:00-11:30 am","685 Weaver St, Larchmont, NY 10538",$215 – $240,adults,Sheldrake Environmental Center
10,10,Halloween in the Woods for Families – 10 AM,https://sheldrakecenter.org/event/halloween-in-the-woods-for-families-10am/,"Join us for a spooktacular morning of Halloween nature fun for little ones, featuring ghoulish games, spooky crafts, and a forest adventure. We’ll discover nocturnal animals, go on a haunted scavenger hunt, and enjoy delicious autumn treats–all with the beautiful fall setting of trails and pond as our backdrop! This is not a drop-off program; children must be accompanied by an actively participating adult. The event takes place outdoors (with the possibility of indoors).",2025-10-18T10:00:00,"685 Weaver St, Larchmont, NY 10538",$15 – $20,ages 3-7,Sheldrake Environmental Center
11,11,Halloween in the Woods for Families – 11:30 AM,https://sheldrakecenter.org/event/halloween-in-the-woods-for-families-1130-am/,"Join us for a spooktacular morning of Halloween nature fun for little ones, featuring ghoulish games, spooky crafts, and a forest adventure. We’ll discover nocturnal animals, go on a haunted scavenger hunt, and enjoy delicious autumn treats–all with the beautiful fall setting of trails and pond as our backdrop! This is not a drop-off program; children must be accompanied by an actively participating adult. The event takes place outdoors (with the possibility of indoors).","Saturday, October 18, 2025, 11:30 am – 12:30 pm","685 Weaver St, Larchmont, NY 10538",$15 – $20,3-7,Sheldrake Environmental Center
12,12,Wings in the Woods: Fall Birding with Doug Bloom,https://sheldrakecenter.org/event/fall-birding-with-doug-bloom-2/,"Join us to learn about migration habits, and see which birds you can identify by sight and sound. We’ll explore our trails attuned to the early-morning activities of our feathered friends, with expert birder Doug Bloom as our guide. Binoculars are helpful but not required. This program is FREE, thanks to the generous support of Con Edison. Advance registration is required. Space is limited.","Saturday, November 15, 8:30 am-9:30 am","685 Weaver St, Larchmont, NY 10538",Free,all ages,Sheldrake Environmental Center
0,0,The Center for Continuing Education Student Art Show,https://larchmont.librarycalendar.com/event/center-continuing-education-student-art-show-27901,"The Center for Continuing Education is proudly hosting a Student Art Show in the Oresman Gallery at the Larchmont Library this Fall! Featuring 40 pieces of artwork from our students in watercolor, drawing, acrylics, and pastels. Come one and all to celebrate the visual arts created by students of The Center! Reception: Saturday, Sept 6th from 2-4pm",2025-09-06T14:00:00,"Larchmont Public Library, 121 Larchmont Ave, Larchmont, NY 10538",,adults,Larchmont Public Library
1,1,Movie Discussion with Paul Doherty on Zoom,https://larchmont.librarycalendar.com/event/movie-discussion-paul-doherty-zoom-20235,"Watch Mustang, any time before September 29th at 10am on our free Kanopy streaming service or place a hold on a DVD. In a remote village in Turkey, five orphaned sisters are denied their independence by their strict adult guardians after they are caught socializing with male classmates. Soon, they are locked in their home, deprived of communication with the outside world, and are schooled in domestic lessons while their custodians plan their arranged marriages. But the close-knit siblings rebel against these restrictions, and fight for a future in which they are free to make their own choices. Mustang is the feature-film debut of Deniz Gamze Erguven, and is France's official 2015 submission to the Academy of Motion Picture Arts and Sciences for Best Foreign Language Film. Don't have a Kanopy account yet? Click here to get started with your library card to watch the film. Registration is required for this event. Registration will close on December 15, 2025 @ 10:00am. This event uses combined registration. If you register for this event, you will also be registering for all other occurrences. Registration is required once and then you will receive the Zoom link immediately and the day before each session.",2025-09-29T10:00:00,Online at Larchmont Public Library,,adults,Larchmont Public Library
2,2,Drop-in Coloring Hour,https://larchmont.librarycalendar.com/event/drop-coloring-hour-29725,"Stop by our program room to create with crayons and coloring sheets. *Children ages 2 & up with their caregivers*. This is a drop-in program, no registration is required. Caregiver must attend.",2025-09-29T10:00:00,"The Michael P. Coords Activity Room at Larchmont Public Library, 121 Larchmont Ave, Larchmont, NY 10538",,"kids, adults, toddlers, preschoolers",Larchmont Public Library
3,3,Open Play Mahjong and Canasta,https://larchmont.librarycalendar.com/event/open-play-mahjong-23391,"Come to the library to play Mahjong and/or Canasta! This is open game-play for players of all levels as long as you understand the basics of game play. The library has Mah Jongg sets and playing cards, but players are encouraged to bring their own. This is a drop in program. No registration required.",2025-09-29T12:00:00,"The Village Center (entrance at rear of Library) at Larchmont Public Library, 121 Larchmont Avenue, Larchmont, NY 10538",,adults,Larchmont Public Library
4,4,Afternoon Stories & Craft,https://larchmont.librarycalendar.com/event/afternoon-stories-craft-27732,Join Linnea or Kristi for some fun stories and an accompanying craft. Caregivers must attend and be engaged with their child. Drop offs are not permitted. Registration is required.,2025-09-29T15:45:00,"The Michael P. Coords Activity Room at Larchmont Public Library, 121 Larchmont Ave, Larchmont, NY 10538",,"children, preschool (3-4), younger school age (grades k-2)",Larchmont Public Library
5,5,Project Linus: Knitting and Crochet Group,https://larchmont.librarycalendar.com/event/project-linus-knitting-and-crochet-group-19578,"Come join our weekly knitting and crocheting group and help make security blankets for children who need a little comfort. We donate to Hospitals, Day Care Centers, Food Banks (such as L/M Food Pantry), and other places where there are children who need a little support. No registration required. Bring your own materials! If you have questions or wish to make a donation please contact Doris-Patt Smith at momdsmith1@yahoo.com",2025-09-30T10:00:00,"The Village Center (entrance at rear of Library) at Larchmont Public Library, 121 Larchmont Avenue, Larchmont, NY 10538",,adults,Larchmont Public Library
6,6,Knowledge is Power: Financial Strategies for Women,https://larchmont.librarycalendar.com/event/albertine-gibbs-program-27293,"This seminar is intended for female audiences. Patrons will learn ways to gain control over their financial situation; protect the people and things they love the most and make informed financial decisions. Hosted by Albertine Gibbs, CFP with Opus: Advice First, A private wealth advisory practice of Ameriprise Financial Services, LLC.",2025-09-30T14:00:00,"The Village Center (entrance at rear of Library) at Larchmont Public Library, 121 Larchmont Avenue, Larchmont, NY 10538",,adults,Larchmont Public Library
7,7,LEGO Free Play,https://larchmont.librarycalendar.com/event/lego-free-play-27693,"Come to the library and see what you can create from our library LEGO collection. *This is a drop-in, self-guided program, please clean up when you are finished playing*. Caregiver Must Attend: This program is designed for children and their caregiver. Please plan to attend and be engaged with your child for this program. Drop offs will not be permitted.",2025-09-30T15:45:00,"The Michael P. Coords Activity Room at Larchmont Public Library, 121 Larchmont Ave, Larchmont, NY 10538",,"kids, adults, Children, Younger School Age (Grades K-2), Older School Age (Grades 3-5)",Larchmont Public Library
8,8,OLD • NEW• AGAIN by Barbara Glab,https://larchmont.librarycalendar.com/event/old-new-again-barbara-glab-29145,"Barbara Glab returns to showcase her quilt artistry at the Larchmont Public Library Oresman Gallery. Sewing is her passion, and her list of quilt projects continues to grow. She looks forward to sharing her colorful exhibit with you.",2025-10-01T00:00:00,"The Oresman Gallery at Larchmont Public Library, 121 Larchmont Ave, Larchmont, NY 10538",,adults,Larchmont Public Library
9,9,Spanish Conversations with María-Cristina Sánchez on Zoom,https://larchmont.librarycalendar.com/event/spanish-conversations-maria-cristina-sanchez-zoom-20259,"Join María-Cristina Sánchez and hone your Spanish skills. Ms Sánchez will propose discussion topics in Spanish for each session, providing participants with the opportunity to clarify pronunciation and meaning of words and expressions in an informal and relaxed environment. Participants should speak Spanish at an intermediate to advanced level and not be native speakers of Spanish. Ms. Sánchez is a native Spanish-speaker originally from Ecuador and has studied languages in Quito, Boston, Paris and Vienna.",2025-10-01T09:45:00,Online at Larchmont Public Library,,adults,Larchmont Public Library
10,10,Young & Restless - TICKET REQUIRED,https://larchmont.librarycalendar.com/event/young-restless-ticket-required-20941,"Explore the world of literacy with librarian Erin! She'll have themed songs, rhymes and books for your little ones to sing and clap to! AGES 0-3 *TICKET REQUIRED* tickets will be given out starting at 9:30am the day of the program *doors will close at 10:10am*. This program is designed for children and their caregiver. Please plan to attend and be engaged with your child for this program. Drop offs will not be permitted. The health of our staff and our patrons is important to us. If your child is too sick to attend school or participate in other activities please use common sense and refrain from bringing them to the library.",2025-10-01T10:00:00,"The Village Center (entrance at rear of Library) at Larchmont Public Library, 121 Larchmont Avenue, Larchmont, NY 10538",,"0-3, Children, Toddlers (1-3)",Larchmont Public Library
11,11,Liberty and Art With Joyce Raimondo on Zoom,https://larchmont.librarycalendar.com/event/liberty-and-art-joyce-raimondo-zoom-28188,"Virtual art programs presented by Joyce Raimondo, Education Coordinator, Pollock-Krasner House and Study Center. These programs do not promote any particular political group. They are designed to raise artistic awareness and creative expression in a respectful forum. Topics include ""GET A VOICE! ART AND SOCIAL JUSTICE"", ""BANNED: CENSORSHIP AND MODERN ART"", ""POLLOCK: POSTER CHILD FOR DEMOCRACY"", ""WAR AND PEACE IN MODERN ART"", ""CREATIVE LICENSE: OUT OF THE BOX"", and ""ART: PATH TO PERSONAL FREEDOM"".",2025-10-01T14:00:00,Online at Larchmont Public Library,,adults,Larchmont Public Library
12,12,Artcycling,https://larchmont.librarycalendar.com/event/artcycling-27721,Use our leftover craft supplies to make something new and beautiful! *For Children ages 4 and up & their caregivers* Caregiver must attend. Drop-in Program.,2025-10-02T14:30:00,"The Michael P. Coords Activity Room at Larchmont Public Library, 121 Larchmont Ave, Larchmont, NY 10538",,"kids, adults, preschool (3-4), younger school age (grades k-2)",Larchmont Public Library
13,13,Teen BOB team practice,https://larchmont.librarycalendar.com/event/teen-bob-team-practice-28017,BOB (Battle of the Books) is a reading challenge for young people. The program encourages reading for pleasure and provides opportunities for participants to engage in friendly competition. This event is a practice session for the teen team participating in the BOB program.,2025-10-02T17:15:00,"The Michael P. Coords Activity Room at Larchmont Public Library, 121 Larchmont Ave, Larchmont, NY 10538",,teens,Larchmont Public Library
14,14,Once Upon a Crime with Caroline Cunningham on Zoom or in person,https://larchmont.librarycalendar.com/event/once-upon-crime-caroline-cunningham-zoom-or-person-20300,"This month's book: Say Nothing: A True Story of Murder and Memory in Northern Ireland by Patrick Radden Keefe. Jean McConville was abducted from her home in Belfast in December 1972 during The Troubles. In 2003, her remains were found on a beach. Books will be available on the Book Group Shelf 3 weeks before the meeting.",2025-10-02T19:00:00,"The Village Center (entrance at rear of Library) at Larchmont Public Library, 121 Larchmont Avenue, Larchmont, NY 10538",,adults,Larchmont Public Library
15,15,Block & Roll,https://larchmont.librarycalendar.com/event/block-roll-24003,"Meet and make toddler friends during this unstructured playtime full of blocks, balls, and stacking toys! Even a play kitchen! *This is a drop-in, self-guided program, please clean up when you are finished playing*. Caregiver must attend and be engaged with their child. Drop offs will not be permitted. No registration is required.",2025-10-03T10:00:00,"The Michael P. Coords Activity Room at Larchmont Public Library, 121 Larchmont Ave, Larchmont, NY 10538",,"Babies (0-12 months), Toddlers (1-3), Children",Larchmont Public Library
16,16,Fall Opera Series: Watch Mozart's The Marriage of Figaro,https://larchmont.librarycalendar.com/event/fall-opera-series-watch-mozarts-marriage-figaro-27733,"Watch Mozart's Don Giovanni at the library on Friday, October 10th at 1 pm Watch Mozart's Così fan tutte at the library on Friday, October 17th at 1 pm Composed in 1786, the quintessential comic opera *Le Nozze di Figaro* (*The Marriage of Figaro*) picks up a few years after Rossini's *The Barber of Seville*, following the (mis)adventures of the lascivious Count Almaviva (Thomas Dolié) as he tries to pull one over on his wife Rosina (Ana Maria Labin), his valet Figaro ([**Robert Gleadow**](https://edu.medici.tv/en/artists/robert-gleadow), whose ""agile performance and delightfully expressive singing"" in all three operas make him the ""trump card"" of this trilogy, according to none other than *Le Figaro*), and Figaro's fiancée Susanna (Angela Brower), object of the Count's unwanted advances… Highlights (to name just a few among many!) include the world-famous Overture; Figaro's irresistibly catchy first-act aria ""Non più andrai""; Act II aria ""Voi, che sapete"" by the womanizing Cherubino (one of the great trouser roles, performed here by Miriam Albano); Rosina's Act II lament ""Dove sono""; and the duet ""Sull'aria … che soave zeffiretto"" from Act III, used to poignant effect in *The Shawshank Redemption*. Following several widely lauded runs across Europe, the celebrated Mozart / Da Ponte trilogy by stage director Ivan Alexandre and conductor Marc Minkowski makes a triumphant return to the exquisite Royal Opera of the Château de Versailles in 2023, and you can watch it in full on [medici.tv](https://edu.medici.tv/en)! Backed by Minkowski's marvelous Musiciens du Louvre, an expert cast breathes new life into the most famous operatic cycle this side of Wagner: *Le Nozze di Figaro*, [***Don Giovanni***](https://edu.medici.tv/en/operas/mozart-da-ponte-trilogy-don-giovanni-marc-minkowski-ivan-alexandre-opera-royal-de-versailles), (we will show this opera at the library on October 10th at 1 pm) and [***Così fan tutte***](https://edu.medici.tv/en/operas/mozart-da-ponte-trilogy-cosi-fan-tutte-marc-minkowski-ivan-alexandre-opera-royal-de-versailles) (we will show this opera at the library on October 17th at 1 pm) — the three masterpieces created by Mozart and librettist Lorenzo Da Ponte, all full of sparkling wit and instantly memorable arias and all counted among the crown jewels of the opera.",2025-10-03T13:00:00,"The Village Center (entrance at rear of Library) at Larchmont Public Library, 121 Larchmont Ave, Larchmont, NY 10538",,adults,Larchmont Public Library
17,17,Graphic Novel Collage Workshop,https://larchmont.librarycalendar.com/event/graphic-novel-collage-workshop-27761,"Create new, exciting artistic works using our art supplies and discarded graphic novels. Kids attend the program on their own. Caregivers must stay in the library building for the duration of the program. Kids 10 and older can be dropped off for this program.",2025-10-03T15:45:00,"The Michael P. Coords Activity Room at Larchmont Public Library, 121 Larchmont Ave, Larchmont, NY 10538",,"kids, Children, Older School Age (Grades 3-5)",Larchmont Public Library
18,18,QiGONG with Steve Goldstein,https://larchmont.librarycalendar.com/event/qigong-steve-goldstein-19941,"Join certified QiGong teacher Steve Goldstein and learn about the ancient Chinese form of gentle exercise composed of movements that are repeated a number of times and can be performed by just about anyone. Participants are encouraged to wear comfortable clothing. Steve has trained with some of the leading experts in the fields of Energy Medicine, Reiki, Shamanism, Qigong, and Acupressure. Most recently he was an Earth Science teacher at Hommocks Middle School. Please sign up if you want reminders or want to be on an email list for this program.",2025-10-04T10:15:00,"The Village Center (entrance at rear of Library) at Larchmont Public Library, 121 Larchmont Avenue, Larchmont, NY 10538",,adults,Larchmont Public Library
19,19,ESL conversation class with Nuara Costa,https://larchmont.librarycalendar.com/event/esl-conversation-class-nuara-costa-27438,"This 6-week ESL conversation program is aimed at anyone wanting to practice English in a judgment-free environment. You will be able to interact with people from different backgrounds but in the same learning process as you. We will cover one topic per class, allowing each person to express their opinion and learn from others. Nuara Costa has been teaching ESL for the past ten years. She has a degree in English Language and Literature from the University of Paraíba in Brazil and a CELTA (Certificate in Teaching English to Speakers of Other Languages) from Cambridge University. She has a C2 English level. She was an Au Pair here in Larchmont from 2015-2017. Registration is required for this event. Registration will close on October 18, 2025 @ 1:00pm. This event uses combined registration. If you register for this event, you will also be registering for all other occurrences.",2025-10-04T13:00:00,"The Michael P. Coords Activity Room at Larchmont Public Library, 121 Larchmont Ave, Larchmont, NY 10538",,adults,Larchmont Public Library
20,20,Saturday Afternoon Open Play Chess,https://larchmont.librarycalendar.com/event/saturday-afternoon-open-play-chess-22562,Join us for a Saturday afternoon game of chess. Chess pieces are provided.,2025-10-04T13:30:00,"The Village Center (entrance at rear of Library) at Larchmont Public Library, 121 Larchmont Avenue, Larchmont, NY 10538",,adults,Larchmont Public Library
21,21,October with the FRIENDS - Anika Burgess,https://larchmont.librarycalendar.com/event/friends-program-26867,"Reception at 3:30pm A conversation with photography editor and author Anika Burgess about her new book, *Flashes of Brilliance: The Genius of Early Photography and How it Transformed Art, History, and Science*. Burgess explores how photographers uncovered new vistas, including catacombs, cities at night, the depths of the ocean, and the surface of the moon.",2025-10-05T16:00:00,"The Village Center (entrance at rear of Library) at Larchmont Public Library, 121 Larchmont Avenue, Larchmont, NY 10538",,adults,Larchmont Public Library
22,22,Robert the Guitar Guy,https://larchmont.librarycalendar.com/event/robert-guitar-guy-21075,"Come and experience the musical talent of Robert the Guitar Guy while you clap and dance along to the beat! AGES 0-3 with a caregiver. This is a drop-in program, no registration required. Caregiver must attend. If your child is too sick to attend school or participate in other activities please use common sense and refrain from bringing them to the library.",2025-10-06T10:00:00,"The Village Center (entrance at rear of Library) at Larchmont Public Library, 121 Larchmont Ave, Larchmont, NY 10538",Free,"Babies (0-12 months), Toddlers (1-3), Children",Larchmont Public Library
23,23,Sherlock Holmes and the Templars of Zoom,https://larchmont.librarycalendar.com/event/frank-conversations-zoom-20279,Join this discussion focused on stories by Sir Arthur Conan Doyle featuring the World’s greatest sleuth: Sherlock Holmes. For this meeting the focus is on The Adventure of the Sussex Vampire.,2025-10-06T10:00:00,Online at Larchmont Public Library,,adults,Larchmont Public Library
0,0,Coastal Zone Management Commission Meeting,https://www.townofmamaroneckny.gov/Calendar.aspx?EID=1431&month=10&year=2025&day=12&calType=0,"Coastal Zone Management Commission Meeting. The meeting will be held on Monday, October 27, 2025, at 7:30 PM in Town Center Conference Room ""D"", located at 740 West Boston Post Road, 1st Floor, Mamaroneck, NY 10543.",2025-10-27T19:30:00,"Town Center Conference Room ""D"", 740 West Boston Post Road, 1st Floor, Mamaroneck, NY 10543",,adults,Town of Mamaroneck
1,1,Sustainability Collaborative Monthly Meeting,https://www.townofmamaroneckny.gov/324/Sustainability-Collaborative,"Sustainability Collaborative Monthly Meeting held on Tuesday, November 11, 2025, from 6:00 PM to 8:00 PM at the Mamaroneck Senior Center. This meeting is part of the Our Town, Our Future initiative.",2025-11-11T18:00:00,"Mamaroneck Senior Center, 1288 Boston Post Road, Larchmont, NY 10538",,adults,Town of Mamaroneck
2,2,Town Center Closed - Columbus Day,https://www.townofmamaroneckny.gov/Calendar.aspx?EID=1494&month=10&year=2025&day=12&calType=0,"Town Center is closed, due to Columbus Day. Garbage will be collected.",2025-10-13T00:00:00,"Town Center, Mamaroneck, NY 10543",,adults,Town of Mamaroneck
3,3,Town of Mamaroneck Recreation Commission,https://www.townofmamaroneckny.gov/Calendar.aspx?EID=1472&month=10&year=2025&day=12&calType=0,"A Meeting of the Town of Mamaroneck Recreation Commission will be held on Tuesday, October 14, 2025, at 7:00 PM at the Senior Center, 1288 Boston Post Road, Larchmont NY 10538.",2025-10-14T19:00:00,"Mamaroneck Senior Center, 1288 Boston Post Road, Larchmont, NY 10538",,adults,Town of Mamaroneck
4,4,Town Board Meeting,https://www.townofmamaroneckny.gov/Calendar.aspx?EID=1479&month=10&year=2025&day=12&calType=0,"The Town Board will meet for a regularly scheduled worksession meeting beginning, untelevised, but open to the public, at 5:00 PM. The Town Board Meeting will continue at 8:00 PM., televised on Cablevision (Optimum) 75, 76, 77 or Verizon (Fios) 34, 35, 36) and streamed live over the internet at the following web address https://lmcmedia.org.

Town Center
740 West Boston Post Road

The Town Board will meet for a regularly scheduled worksession meeting beginning, untelevised, but open to the public, at 5:00 PM. The Town Board Meeting will continue at 8:00 PM., televised on Cablevision (Optimum) 75, 76, 77 or Verizon (Fios) 34, 35, 36) and streamed live over the internet at the following web address https://lmcmedia.org.",2025-10-20T17:00:00,"Town Center 740 West Boston Post Road Mamaroneck, NY 10543",,adults,Town of Mamaroneck
5,5,Budget Worksession Meeting,https://www.townofmamaroneckny.gov/Calendar.aspx?EID=1587&month=10&year=2025&day=12&calType=0,"LEGAL NOTICE
BUDGET WORKSESSIONS
TOWN BOARD OF THE TOWN OF MAMARONECK
NOTICE IS HEREBY GIVEN that the Town Board of the Town of Mamaroneck has scheduled the following Budget Worksession Meetings:
• 10/23 - 2:00 p.m. to 5:30 p.m.
• 10/25 - 8:00 a.m. to 11:00 a.m.
• 10/30 - 5:00 p.m. to 9:00 p.m.
These will be held at the Town Center, 740 W Boston Post Road, Mamaroneck, NY 10543
BY ORDER OF THE TOWN BOARD
OF THE TOWN OF MAMARONECK",2025-10-23T14:00:00,"Town Center, 740 West Boston Post Road, Mamaroneck, NY 10543",,adults,Town of Mamaroneck
6,6,Budget Worksession Meeting,https://www.townofmamaroneckny.gov/Calendar.aspx?EID=1588&month=10&year=2025&day=12&calType=0,"LEGAL NOTICE
BUDGET WORKSESSIONS
TOWN BOARD OF THE TOWN OF MAMARONECK
NOTICE IS HEREBY GIVEN that the Town Board of the Town of Mamaroneck has scheduled the following Budget Worksession Meetings:
• 10/23 - 2:00 p.m. to 5:30 p.m.
• 10/25 - 8:00 a.m. to 11:00 a.m.
• 10/30 - 5:00 p.m. to 9:00 p.m.
These will be held at the Town Center, 740 W Boston Post Road, Mamaroneck, NY 10543
BY ORDER OF THE TOWN BOARD
OF THE TOWN OF MAMARONECK",2025-10-25T08:00:00,Town Center,,adults,Town of Mamaroneck
7,7,Early Voting Begins,https://www.townofmamaroneckny.gov/268/Voter-Information,"Continues through November 2nd, hours vary",2025-10-25T10:00:00 - 18:00:00,"Town Center, 740 West Boston Post Road, Mamaroneck, NY 10543",,adults,Town of Mamaroneck
8,8,Westchester Mobile Shredder Event,https://www.townofmamaroneckny.gov/Calendar.aspx?EID=1567&month=10&year=2025&day=12&calType=0,"Westchester Mobile Shredder Event

Westchester Mobile Shredder Event is scheduled for Saturday, October 25, 2025, from 10:00 AM to 1:00 PM at the Maxwell Avenue Facility, located at 40 Maxwell Avenue, Larchmont, NY 10538.",2025-10-25T10:00:00,Maxwell Avenue Facility,,adults,Town of Mamaroneck
9,9,Hommocks Park Ice Rink 50th Anniversary,https://www.townofmamaroneckny.gov/ImageRepository/Document?documentID=7512,Celebrate the 50th Anniversary of the Hommocks Park Ice Rink! What's a better way to celebrate than skating at your favorite rink? Join us for a 1970's themed celebration.,2025-10-26T12:00:00,"Hommocks Park Ice Rink, 140 Hommocks Road, Larchmont, NY 10538",,"kids, teens, adults",Town of Mamaroneck
10,10,Repair Cafe,https://www.townofmamaroneckny.gov/ImageRepository/Document?documentID=7697,"Bring your broken items to the Mamaroneck Senior Center on Sunday, October 26, 2025, from 12:00 PM to 4:00 PM for repair. This event is held at 1288 Boston Post Road, Larchmont, NY 10538.",2025-10-26T12:00:00,Mamaroneck Senior Center,,adults,Town of Mamaroneck
11,11,Traffic Committee Meeting,https://www.townofmamaroneckny.gov/Calendar.aspx?EID=1580&month=10&year=2025&day=12&calType=0,"A Meeting of the Town of Mamaroneck Traffic Committee will be held on Wednesday, October 29, 2025, at 7:00 PM, in the Courtroom at the Town Center, 740 W Boston Post Road, Mamaroneck, NY 10543.

Town Center Courtroom740 West Boston Post Road

A Meeting of the Town of Mamaroneck Traffic Committee will be held on Wednesday, October 29, 2025, at 7:00 PM, in the Courtroom at the Town Center, 740 W Boston Post Road, Mamaroneck, NY 10543.",2025-10-29T19:00:00,"Town Center Courtroom, 740 West Boston Post Road, Mamaroneck, NY 10543",,adults,Town of Mamaroneck
12,12,Budget Worksession Meeting,https://www.townofmamaroneckny.gov/Calendar.aspx?EID=1589&month=10&year=2025&day=12&calType=0,"LEGAL NOTICE
BUDGET WORKSESSIONS
TOWN BOARD OF THE TOWN OF MAMARONECK
NOTICE IS HEREBY GIVEN that the Town Board of the Town of Mamaroneck has scheduled the following Budget Worksession Meetings:
• 10/23 - 2:00 p.m. to 5:30 p.m.
• 10/25 - 8:00 a.m. to 11:00 a.m.
• 10/30 - 5:00 p.m. to 9:00 p.m.
These will be held at the Town Center, 740 W Boston Post Road, Mamaroneck, NY 10543
BY ORDER OF THE TOWN BOARD
OF THE TOWN OF MAMARONECK",2025-10-30T17:00:00,"Town Center, 740 West Boston Post Road, Mamaroneck, NY 10543",,adults,Town of Mamaroneck
13,13,TMFD Haunted Firehouse Event,https://www.townofmamaroneckny.gov/Calendar.aspx?EID=1583&month=10&year=2025&day=12&calType=0,"TMFD Haunted Firehouse Event
Friday, October 31, 2025
Time: 5:00 PM",2025-10-31T17:00:00,"Town of Mamaroneck Fire Department, 205 Weaver St., Larchmont, NY 10538",,"kids, teens, adults",Town of Mamaroneck
14,14,Town Board Meeting,https://www.townofmamaroneckny.gov/Calendar.aspx?EID=1480&month=10&year=2025&day=12&calType=0,"The Town Board will meet for a regularly scheduled worksession meeting beginning, untelevised, but open to the public, at 5:00 PM. The Town Board Meeting will continue at 8:00 PM., televised on Cablevision (Optimum) 75, 76, 77 or Verizon (Fios) 34, 35, 36) and streamed live over the internet at the following web address https://lmcmedia.org.",2025-11-05T17:00:00,"Town Center, 740 West Boston Post Road, Mamaroneck, NY 10543",,adults,Town of Mamaroneck
15,15,Sanitation Services - No Collection,https://www.townofmamaroneckny.gov/Calendar.aspx?EID=1496&month=10&year=2025&day=12&calType=0,"Garbage will not be collected, due to Veteran's Day.",2025-11-11T00:00:00,"Town of Mamaroneck, NY 10543",,adults,Town of Mamaroneck
16,16,Sustainability Collaborative Monthly Meeting,https://www.townofmamaroneckny.gov/324/Sustainability-Collaborative,Sustainability Collaborative Monthly Meeting. This meeting will cover the latest sustainability initiatives and projects for the Town of Mamaroneck.,2025-11-11T18:00:00,"Mamaroneck Senior Center, 1288 Boston Post Road, Larchmont, NY 10538",,adults,Town of Mamaroneck
0,0,Cyanotypes Workshop with Bruce Dunbar,https://mamaroneckartistsguild.org/cyanotypes-workshop-with-bruce-dunbar/,Cyanotypes Workshop at Rye Arts Center,2025-11-01T13:00:00,Rye Arts Center,Members & Non-members,adults,Mamaroneck Artist Guild
1,1,Selling & Pricing Artwork In-person Workshop,https://mamaroneckartistsguild.org/workshop-on-selling-pricing-artwork-nov-2-2025/,Workshop on Selling & Pricing Artwork,2025-11-02T13:00:00,MAG Gallery,Members & Non-members,adults,Mamaroneck Artist Guild
2,2,Artists Social | Portrait Party 2025,https://mamaroneckartistsguild.org/2025-portrait-party-at-rye-art-center/,Portrait Party,2025-11-08T13:00:00,Rye Art Center,Members & Non-members,adults,Mamaroneck Artist Guild
3,3,2025 Awards Show | All Star Art!,https://mamaroneckartistsguild.org/2025-awards-show-all-star-art/,Member Group Show. All media. Juror: Ismael Checo. Awards Ceremony & Opening Reception.,2025-10-04T15:00:00,Mamaroneck Artists Guild Gallery,,"adults, teens, kids",Mamaroneck Artist Guild
4,4,The Art of Democracy,,Art Exhibit. Free Nonpartisan Event.,2025-10-11T13:00:00,"PALMER CUSTOM ART FRAMING, 1947 Palmer Ave, Larchmont, NY",Free,"adults, teens, kids",Mamaroneck Artist Guild
5,5,"Solo Show by Barbara Chen “People, Places and Things”",,Solo Show by Barbara Chen. Reception.,2025-10-22T15:00:00,Mamaroneck Artists’ Guild Gallery,,"adults, teens, kids",Mamaroneck Artist Guild
0,0,2026 Travel Baseball 9U-17U - REG NOW!,https://www.lmlittleleague.org/news_article/show/1250793?referrer_id=6901006,"Registration Deadline: Friday, October 17th. Tryouts: Saturday, October 25th & Saturday, November 1st. The age of the player is determined as of April 30, 2026. There is a $35 tryout fee. Players rostered on an LMLL Travel Baseball team in 2025 do not need to try out but can if they wish. All other players must attend tryouts. Summer Travel team fees are approximately $950-$1,150 ($1,550 for 17U).",2025-10-17,Larchmont-Mamaroneck Little League,$35 tryout fee,"9U, 10U, 11U, 12U, 13U, 14U, 15U, 16U, 17U",Larchmont-Mamaroneck Little League
1,1,One-Day Clinic Mon 10/13 w/Coach Chap & MHS Baseball Players!,https://www.lmlittleleague.org/news_article/show/1346994?referrer_id=6901006,1st-6th grades. Walk-up registration permitted - bring a completed form and a check for $75 made out to MHS. Proceeds will help fund MHS Varsity BB trip to play in a tournament for #1 in the country!,2025-10-13,HOMMOCKS GYM,$75,"1st grade, 2nd grade, 3rd grade, 4th grade, 5th grade, 6th grade",Larchmont-Mamaroneck Little League
0,0,Oct. 21 Members Get-together: Revolutionary Westchester 250 event plans,https://www.mamaroneckhistoricalsociety.org/new-events/2025/10/7/oct-21-members-get-together-revolutionary-westchester-250-event-plans,"Upcoming events celebrating the 250th anniversary of the Revolutionary War will be the topic at the October Mamaroneck Historical Society Members Get-together. Society President John Pritts will speak during the meeting, 7 p.m. Tuesday, Oct. 21, at the Woman's Club of Mamaroneck, 504 Cortlandt Avenue. Revolutionary War 250 is planning on big events to celebrate Westchester’s part in our early efforts for freedom from the British. In October of 1776 the Skirmish on Heathcote Hill took place right here in our town. 750 American troops were sent by George Washington stationed in White Plains to surprise British troops camped on Heathcote Hill under the leadership of Colonel Rogers. Rogers' headquarters was the original schoolhouse located where Orienta Ave and Old White Plains Road meet today.",2025-10-21T19:00:00,"Woman's Club of Mamaroneck, 504 Cortlandt Avenue. Mamaroneck, NY 10543",,adults,Mamaroneck Historical Society
1,1,April 15: John Richbell and the Founding of Mamaroneck,https://www.mamaroneckhistoricalsociety.org/new-events/2025/4/15/april-15-john-richbell-and-the-founding-of-mamaroneck,"Peter M. Fellows, author of the recently published book *Merchant Trader: The Story of John Richbell and the Beginning of Mamaroneck, N.Y.*, will give the feature presentation at the April Mamaroneck Historical Society Members Get-together. The gathering is 7 p.m. April 15 at the Woman's Club of Mamaroneck, 504 Cortlandt Avenue. Members of the community are welcome to this free event.",2025-04-15T19:00:00,"Woman's Club of Mamaroneck, 504 Cortlandt Avenue Mamaroneck, NY, 10543 United States",free,adults,Mamaroneck Historical Society
2,2,"Watch a replay: Famous people from Mamaroneck, Larchmont",https://www.mamaroneckhistoricalsociety.org/new-events/2025/3/18/march-18-famous-people-from-mamaroneck-larchmont,Watch a video of the presentation on stories of famous people connected to Mamaroneck and Larchmont. It took place at the March 18 monthly Members Get-together. The recently posted website project features profiles of more than 60 stars and other notables who grew up here or settled here after making it big. The event was a replay from a presentation.,2025-03-18T19:00:00,"Woman's Club of Mamaroneck, 504 Cortlandt Avenue Mamaroneck, NY, 10543 United States",,adults,Mamaroneck Historical Society
3,3,March 1: Irish Night Celebration,https://www.mamaroneckhistoricalsociety.org/new-events/2025/3/1/march-1-irish-night-celebration,"The community is invited to this event sponsored by the Historical Fire Company. See the flyer for details.
Irish Night Celebration flyer 2025",2025-03-01T18:30:00,"Mamaroneck Elks Hall, 417 East Boston Post Road Mamaroneck, NY, 10543 United States",,adults,Mamaroneck Historical Society
4,4,Talk on John Richbell and the Beginning of Mamaroneck,https://www.mamaroneckhistoricalsociety.org/new-events/2025/1/14/talk-on-john-richbell-and-the-beginning-of-mamaroneck,"Peter M. Fellows, past president of the Mamaroneck Historical Society, will discuss his new book during an At Home on the Sound presentation. The Jan. 14 event is free and open to the public. Peter M. Fellows talk flyer.",2025-01-14T16:00:00,"St. John's Church, 4 Fountain Square Larchmont, NY USA",free,adults,Mamaroneck Historical Society
0,0,Shop Larchmont Tote Bag,https://business.larchmontchamber10538.org/events/Details/shop-larchmont-tote-bag-1193245?sourceTypeId=Website,Show your pride in Larchmont with this custom-designed tote! For your daily shopping or schlepping and makes a fun gift bag! Support our local business community through the purchase of this re-usable cotton tote bag! Proceeds go toward programs that support our local businesses.,1/1/2025 - 12/31/2025,Larchmont,$5,adults,Larchmont Chamber of Commerce
1,1,Network & Nosh - Oct. 2025,https://business.larchmontchamber10538.org/events/Details/network-nosh-oct-2025-1446993?sourceTypeId=Website,"Join us for a networking event like no other! Network & Nosh is back on Wednesday, Oct. 15 from 6 - 9 pm. This rotating dinner networking event is for members and non-members. Register by Oct. 1 to be included in our event directory. Meet other businesses and share the word about yours! You’ll switch tables after each course to ensure you have quality time to meet other business owners who make this community thrive. A fun, memorable, informative evening is in store.",2025-10-15T18:00:00,"Augie's, 94 Chatsworth Ave., Larchmont, NY 10538",$58 for members; $68 for non-members.,adults,Larchmont Chamber of Commerce
0,0,Spooktacular Parade and Party,https://mamaroneckchamberofcommerce.org/events-calendar/spooktacular-parade-and-party,"Greetings Mamaroneck Avenue Businesses,

We are looking forward to supporting the **Village of Mamaroneck’s Annual Spooktacular Parade Sunday October 19, 2025 11am-2pm.**. There is no rain date.

In partnership with the Village of Mamaroneck, we want to inform you of the following:

* Authorities will close Mamaroneck Avenue and prohibit vehicle traffic from 10am-1pm on 10/19
* A large volume of toddler to school-aged children and their parents will gather at 448 Mamaroneck Avenue (Smashburger) by 11am and parade to Harbor Island
* Participants will then have a “Spooky” good time with candy distribution, haunted house, chamber sponsored games, and music hosted by volunteers and Chamber members starting around 12:15pm until 2pm at Harbor Island.

We encourage and invite you to get involved and here are some options:

1. **Donate candy in any amount** - feel free to label with your business and include coupons or promotional material to be distributed at Harbor Island. All donations can be dropped off to Pam at the Village of Mamaroneck Recreation Office or email us at info@mamaroneckchamberofcommerce.org to arrange for pick-up.
2. **Sponsor a game/activity** and have a representative host a table at Harbor Island. Please email us to confirm and we will share available games/activities and assign table placement. First come, first served!
3. **Offer volunteers!** We need all the help we can get for all activities at any time between 10am-3pm (set-up, parade/activities, breakdown/cleanup).

Thank you for your support! Please also post the included flier in your store window.

The Mamaroneck Chamber of Commerce Board",2025-10-19T11:00:00-07:00,Mamaroneck Ave to Harbor Island Park,,"kids, teens, adults",Mamaroneck Chamber of Commerce
1,1,Cigar and Bourbon Dinner,https://mamaroneckchamberofcommerce.org/events-calendar/cigar-and-bourbon-dinner,"Join us for an evening of fine dining., drinks, and smokes for $125 per person! Cigars from Doc James, a 3 course dinner at Barnstone Grill, and Bourbon tasting. Space is limited.",2025-10-21T19:00:00-07:00,Barnstone Grill,$125 per person,adults,Mamaroneck Chamber of Commerce
2,2,M&T Bank Evening of Networking & Hot Topic Discussions,https://mamaroneckchamberofcommerce.org/events-calendar/mt-bank-evening-of-networking-hot-topic-discussions,"M&T Bank and Young American Capital invite you to an evening of networking with fellow local business owners and a discussion on Economic Development.

Please RSVP to Vivian Morales by October 15th vmorales@mtb.com",2025-10-22T17:30:00-07:00,Nonna Carola Ristorante,,adults,Mamaroneck Chamber of Commerce
3,3,The Dog Stop Ribbon Cutting,https://mamaroneckchamberofcommerce.org/events-calendar/the-dog-stop-ribbon-cutting,"Join us as we welcome The Dog Stop to the Village of Mamaroneck!

We’re thrilled to announce that The Dog Stop® is now open! Our new go-to destination for premium dog daycare, overnight boarding, and professional dog grooming services!",2025-10-25T11:30:00-07:00,The Dog Stop,,adults,Mamaroneck Chamber of Commerce
4,4,Spotlight on Women Owned Businesses,https://mamaroneckchamberofcommerce.org/events-calendar/7nljcs3i5vyred95uzcc7mnt1nllxi,"Join us for another spotlight mixer for a fun evening mingling with fellow businesses and learn about some of the woman owned businesses in the Village of Mamaroneck.

Thank you to Heimat and Jill Krutick for helping us organize!",2025-11-05T18:30:00-08:00,Artistree,,adults,Mamaroneck Chamber of Commerce
5,5,"General Member Meeting: Topic ""What Can AI Mean for your Business?""",https://mamaroneckchamberofcommerce.org/events-calendar/general-member-meeting-topic-business-success-c8a3s-ntcy4,"Our featured speaker will be Kathy D’Agostino, founder of Win at Business.AI.

With 20+ years in training and leadership development, Kathy specializes in making AI accessible and practical for small business owners and professionals. She’ll share how AI can streamline work, cut costs, and give your business an edge—without the tech jargon.”

In the White Room 707 Fenimore Road… 6-7:30pm RSVP Online",2025-11-10T18:00:00-08:00,The White Room,,adults,Mamaroneck Chamber of Commerce
0,0,LNC Monthly Coffee Morning - October,https://www.larchmontnewcomersclub.com/pages/event-calendar,"Casual coffee, light bites, and conversation",2025-10-16T09:30:00-04:00,Member's home (details emailed to RSVP'd attendees),,adults,Larchmont Newcomers Club
1,1,Stroller Walk x Bluestone Lane + AG1,https://www.larchmontnewcomersclub.com/pages/event-calendar,Meet us at Bluestone Lane for a fall foliage walk around Larchmont. You'll have ...,2025-10-17T10:00:00-04:00,Bluestone Lane Larchmont,RSVP Free,"kids, adults",Larchmont Newcomers Club
2,2,LNC Book Club: We Have Always Lived in the Castle,https://www.larchmontnewcomersclub.com/pages/event-calendar,LNC Book Club: We Have Always Lived in the Castle,2025-10-20T19:00:00-04:00,Member's home (details emailed to RSVP'd attendees),RSVP Free,adults,Larchmont Newcomers Club
3,3,Halloween Wine Tasting at Post Wines,https://www.larchmontnewcomersclub.com/pages/event-calendar,Celebrate the spirit of the season with curated wines and seasonal cocktails as ...,2025-10-23T19:00:00-04:00,"Post Wines, Larchmont",,adults,Larchmont Newcomers Club
4,4,Kids Halloween Ceramic Pumpkin Painting Party,https://www.larchmontnewcomersclub.com/pages/event-calendar,Get into the spooky spirit with us! Kids will decorate their very own ceramic pu...,2025-10-24T16:30:00-04:00,new rochelle,Purchase Ticket,kids,Larchmont Newcomers Club
5,5,Flower Arranging Class at The Flower Bar,https://www.larchmontnewcomersclub.com/pages/event-calendar,Join Us for a Floral Design Night with LNC!Come together with fellow LNC members...,2025-11-05T19:00:00-05:00,"The Flower Bar, Larchmont",Purchase Ticket,adults,Larchmont Newcomers Club
6,6,LNC Night Out - November,https://www.larchmontnewcomersclub.com/pages/event-calendar,Join us for a fun night out at Billy & Pete's!,2025-11-13T19:30:00-05:00,Billy & Pete's Social,Purchase Ticket,adults,Larchmont Newcomers Club
7,7,LNC Monthly Coffee Morning - November,https://www.larchmontnewcomersclub.com/pages/event-calendar,Join us for a special fall-themed coffee morning!,2025-11-21T09:30:00-05:00,Member's home (details emailed to RSVP'd attendees),RSVP,adults,Larchmont Newcomers Club
0,0,Save the Date Community Resource Center’s Annual Gala,https://www.crcny.org/event/save-the-date-community-resource-centers-annual-gala-2/,MiCasa es suCasa Because this home was built for all of us,"November 20, 2025, 6:00 PM - 10:00 PM","Glen Island Harbour Club, 50 Glen Island Harbour Club, New Rochelle, NY 10805, United States",,adults,Community Resource Center
0,0,PANELISTS Breakfast,https://www.localsummitlm.org/events.html,"Join Us at the Nautilus Diner for a Bagel and Coffee Breakfast with panelists Michael J. Reichgott, MD, PhD. and Aran Ron, MD.",2025-10-14,"Nautilus Diner 1240 W Boston Post Rd, Mamaroneck, NY","$12, Bagel and Coffee Breakfast",adults,The Larchmont-Mamaroneck Local Summit
1,1,Monthly Programs,https://www.localsummitlm.org/events.html,Monthly programs held in person at the Nautilus Diner. Meetings begin at 8:00 am and run until 9:00 am. Topics and speakers will be posted closer to the meeting dates.,2025-11-18,Nautilus Diner,,adults,The Larchmont-Mamaroneck Local Summit
0,0,HouseBand hosts Spooky Karaoke at the Village of Mamaroneck Spooktakular,https://www.schoolofrock.com/locations/mamaroneck/events/houseband-hosts-spooky-karaoke-at-the-village-of-mamaroneck-spooktakular-october-19-2025,Join us for a fun afternoon of spooky karaoke singing for the kiddos (and parents if they are so inclined)!,"October 19, 2025, 12:00pm - 4:00pm","Harbor Island Park, Mamaroneck, NY 10543",Free,"kids, adults",School of Rock Mamaroneck
1,1,Halloween Party and Fall/Winter Season Preview at Joey's Port Chester,https://www.schoolofrock.com/locations/mamaroneck/events/halloween-party-and-fallwinter-season-preview-at-joeys-port-chester-october-26-2025,Halloween Party and Fall/Winter Season Preview at Joey's Port Chester,2025-10-26,Joey's Port Chester,Free,"kids, teens, adults",School of Rock Mamaroneck
2,2,Rock Star for A Day - K-Pop Demon Hunters,https://www.schoolofrock.com/locations/mamaroneck/events/rock-star-for-a-day-k-pop-demon-hunters-november-11-2025,"Channel your inner K-pop superstars Rumi, Mira and Zoey and enjoy a day of singing, dancing, dress-up and adventure with games and ""demon"" scavenger hunts. Get ready for a day filled with music, adventure, and imagination! At this fun camp, kids will step into the world of K-Pop and team up as brave demon hunters on a mission to save the day. Singing & Dancing - Learn cool K-Pop-inspired moves and songs that will make you feel like a superstar. Games & Team Challenges - Work together to complete exciting activities and test your skills as a group. Scavenger Hunt Adventure - Go on a quest to find hidden clues, outsmart the “demons,” and unlock surprises along the way! Kids are welcome to come dressed up as their favorite rock star, idol, or adventurer to join the fun; costumes are totally optional but always encouraged! By the end of the day, campers will have rocked out, laughed, and celebrated being true K-Pop Demon Hunters.",2025-11-11,"1 Depot Plaza, Mamaroneck, NY 10543",$150,"kids, teens, all ages",School of Rock Mamaroneck
